{"paintings":[{"name":"oliverremund:baum_des_lebens","x":64,"y":64},{"name":"oliverremund:drachenhorst","x":64,"y":64},{"name":"oliverremund:metawelt_schnei_waltrand","x":64,"y":16},{"name":"oliverremund:teufelshorn","x":16,"y":32},{"name":"oliverremund:atemnot","x":16,"y":48},{"name":"oliverremund:platinkefer","x":32,"y":32},{"name":"oliverremund:blautupfenflugler","x":16,"y":48},{"name":"oliverremund:nautilus_leviathan","x":64,"y":48},{"name":"oliverremund:filia","x":16,"y":16},{"name":"oliverremund:aniko","x":16,"y":16},{"name":"oliverremund:zitadelle_des_eiskonigs","x":16,"y":16},{"name":"oliverremund:tendrils_garden_2","x":48,"y":16},{"name":"oliverremund:erzengel_michael","x":32,"y":32},{"name":"oliverremund:gesichtsblind","x":48,"y":32},{"name":"oliverremund:phyrexialdrazi","x":16,"y":32},{"name":"oliverremund:lagune","x":16,"y":32},{"name":"oliverremund:schwermut","x":32,"y":32},{"name":"oliverremund:chtulhus_child","x":48,"y":32},{"name":"oliverremund:spiral","x":16,"y":32},{"name":"oliverremund:flora_lightningstorm","x":32,"y":64},{"name":"oliverremund:tendrils_garden_1","x":48,"y":16},{"name":"oliverremund:sacred_hills","x":48,"y":16},{"name":"oliverremund:metawelt_ebene_1","x":16,"y":16},{"name":"oliverremund:kokoro","x":16,"y":16},{"name":"oliverremund:lagune_2","x":16,"y":32},{"name":"oliverremund:flora_lightningstorm_2","x":64,"y":64}]}